text,label,notes,source_post,comment_id
"You can trust him and respect his position while also feeling like your boundaries were crossed. But, boundaries aren't for other people. They are for you to decide when to act. His journey may require some type of healing. And I hope he got it. I don't actually have an issue with anyone's choice of healing journey, but have major issues with the nudity being a surprise. Had you known, you could have made a decision together. The retreat making that a surprise seems highly unethical. Within the boundaries of your relationship, he has made it clear he is uncomfortable with nudity/contact with members of the opposite sex, even in non serial situations. This is very clear from your examples. So, I think you need to think hard about why he is willing to apply this double standard. Is suspect the pattern of double standards is much deeper.",SUPPORTS_REACTION,,AIO for being upset that my partner hung out in a hot tub with naked women (including the retreat leader/psychiatrist) at a healing retreat?,par1vfg
it’s rude not to tip regardless of him being rude. he still served yall,CRITIQUES_REACTION,,AIO for thinking the server doesn’t deserve any tip?,pat9a8n
Ok as someone who used to have frequent ruptured eardrums (I've had 3 tympanoplasty surgeries to repair the last one ) she needs to see if it's actually ruptured and if there is an infection. It is really painful but for me it was a long drawn out process. You need to ask her WHY she is avoiding seeing a doctor to see if it's ruptured or infected. They do normally heal on its own but it is painful regardless if it is. I'm not sure why she is refusing to do so BUT you could buy one of those ear things to see yourself maybe?? Have a sit down talk with her and see what the problem is. Your for wanting to help her!,SUPPORTS_REACTION,,AIO for getting frustrated with my wife?,paomrpl
"So, first of all, the nudity. I can't speak for this specific retreat, but in general, nudists/naturists and environments that cater to them are *extremely* strict around *any* inappropriate behaviours, including sexual advances, staring at people, commenting on other people's bodies, etc and people violating that are quickly removed. So, I'm guessing that most of that would apply to this situation, but without being able to read about the retreat and the retreat leader, I can't say for sure if this is their stance on it or not. Maybe you can find info online about the retreat and the leader? If she's actually a psychiatrist and leading these retreats in THAT role, then the entire thing is inappropriate and probably in violation of her licensing standards. Depending on local and licensing body, leading a retreat *without* putting herself in the role of a psychiatrist for the duration may or may not be acceptable, but it's definitely toeing a dangerous line of ethics. What I find more worrying is that he displays jealousy about a normal, routine medical exam performed my a man, that he shows jealousy about a normal, unavoidable, essential work interaction because the colleague happens to be male. Where else does this show up in your relationship? Does he comment on what you wear and the level of ""appropriateness"" of your clothing choices? Do those levels change depending on whether you're going out with him vs. going out on your own? Does he comme t about your makeup and/or accessories? Swimwear? Hairstyle? When you spend time with friends, does he question you when you get home about who was there, where you went, what you discussed that seems beyond the limits of what would constitute a normal conversation and curiosity? Another thing that I find concerning is you saying he tends to ""shut down"" during conflict. Does this shutting down include silent treatment for extended periods? Is he stonewalling or does he communicate with you that he's too overwhelmed to discuss it with you and needs X amount of time to process and regulate and then return to the conversation? If he just shuts down the entire conversation and refuses to return to it and discuss it, then he's stonewalling which is an emotional abuse tactic. Combined with his unreasonable jealousy over perfectly normal, innocent interactions with other men, it's starting to look like a bunch of red flags rather than a ""couple of issues in the relationship."" I feel like there are possibly a few things at play here. 1. The double standard. You are made to feel guilty for literally doing your job because you have to communicate with male colleagues but he can go sit with naked women? Whether he knew about it in advance or not, the fact that he was okay doing that when he is unreasonably jealous and possessive when it comes to you is absolutely not okay. 2. Your reaction to his actions being a kind of reflexive reaction formed through a lens of inappropriate jealousy displayed on his part. Whether you have unconsciously learned that behaviour from him or whether you are justifiably angry because of previously mentioned double standard is something you should look at. I say that with the caveat that the therapist's behaviour and the entire retreat *may* have been wildly unethical and inappropriate. If it had just been a visit to a typical nudist location, I would say you were overreacting, but here... I just don't have a great feeling about this therapist in general. 3. Projection. I'm sure you're familiar with the concept. If he's projecting, then he becomes unreasonably jealous at your normal and innocent interactions with other men because his interactions with other women are *not* innocent, whether it's just fantasising or actually emotional or physical infidelity, he feels guilty about how he thinks and/or behaves around other women so is projecting that onto you and is constantly suspicious of your motivations when you interact with men. After writing all of this, it seems to me like he's immature, manipulative, and selfish at best and emotionally abusive and not 100% faithful to the relationship at worst. It could be anywhere in between, as well. Perhaps your separation should have been permanent. I'm guessing he was the one who wanted to reconcile? If I were you, I would really think about all the reasons you separated in the first place, the concerning behaviours I've mentioned here, and decide if this is really what you want for yourself.",SUPPORTS_REACTION,,AIO for being upset that my partner hung out in a hot tub with naked women (including the retreat leader/psychiatrist) at a healing retreat?,par2rca
"The fact he deletes messages is a massive red flag. If they were innocent messages he’d have no reason to delete them?! 🤷🏽‍♀️😵‍💫 If the first person he wants to text is his co-worker over YOU, another red flag. I’m so sorry for you. He’s definitely not your BF. He’s just keeping you around until he establishes himself with his co-worker. It sucks so bad but he is definitely setting something up with co-worker. 🥺🥺🥺",SUPPORTS_REACTION,,AIO bf texting his female co-worker,paq3x3r
"You need to abide by the uniform code - it’s fine for businesses to have one, as long as it is reasonable (eg requiring you to source your own orange trousers would be taking the piss, but black trousers are entirely unexceptionable) That you’ve got away with rule breaking for months isn’t exactly the greatest thing to bring to your boss’ attention",CRITIQUES_REACTION,,AIO? Was told my pants aren’t the right color and wouldn’t be allowed to work unless they were the right color,okoka3y
"Guilty people delete evidence. Him not telling you because you’ll get mad is lying, lying by omission is still a damn lie. Maybe it’s innocent but highly unlikely or he wouldn’t be hiding it. He likes her and it’s pretty common when you work with someone for this to happen. But you need to hear him out in a calm manner and then tell him it’s your dealbreaker (if it is) and then decide if you can move past this. If you can’t then you need to walk because if you don’t trust him then your relationship is not going to ever work out.",SUPPORTS_REACTION,,AIO bf texting his female co-worker,paq54iu
"Most of your answer was excellent. I understand why he’s going to be an ex. The only thing to start adding is that in classic projection style, he’s projecting his immature emotions onto you. Your son sounds old enough and decent enough that you may be able to start to explain to him what your aversion to closing doors is. You need to start to explain to him that his father‘s immaturity is not something you hope he wants to copy. Especially you want to teach him that he should never try to get a laugh at someone else’s expense.",SUPPORTS_REACTION,,AIO for snapping at my ex because he told my son to close the bathroom door on me,patvqsq
"Six years and he still texts her that way? Are you sure you're not ""the side chic""? You need to confront him and tell him he either stops or you are gone. Period. No reprieve. His behavior is unacceptable. He is showing tremendous disrespect for you, in addition to the lying. This is not a good sign for your relationship, unless you choose to ignore what he is doing. Good luck to you.",SUPPORTS_REACTION,,AIO bf texting his female co-worker,paq8wfo
"I assume you have come across the concept of DARVO? It's an acronym for ""Deny, Attack, Reverse Victim and Offender"", which describes a known tactic used by abusers -- and describes how your boyfriend reacted in the anecdote you share in your post. I will guess you are the person who had made the food her threw out? You probably paid for the groceries as well? And he has no actual explanation for his refusal to eat left-overs? My spouse/abuser told me ""the food just tastes old"". (I was baffled, but being a good cook. felt up to the task and just found ways to make ""new"" meals out of leftover foods. I should have just said ""that is absurd"" and let him fend for himself.) Your boyfriend is trying to make you the bad guy for his having wasted perfectly good food you had planned to eat, and trying to make you feel bad for having been disappointed that he did. HE is clearly the person who should apologize, here, and even if he felt strongly that he did not need to apologize for throwing away your food, he CERTAINLY should have controlled himself from sending the message that makes it clear he thinks you are responsible for him feeling like sh!t -- which he probably thinks is enough of an apology, because poooooooor him. I suggest you take a close look at your relationship to consider how often this kind of thing happens. Does he ever take responsibility for things he has done, whether they were done on purpose or by accident? Does he respect your position on things when your position does not align perfectly with his? Do you feel like you have to change your behaviour or reactions or feelings in general, to keep things on an even keel and keep him from reacting poorly? I may well just be projecting, but just in case you find yourself in a situation like the one I am in (and will be leaving) it really does bear considering. If you don't feel respected and don't feel free to express how you feel, that's important. If you are blamed for things all the time (like for how he is FEELING) that's worth thinking about. No relationship is perfect and rosy 24/7, but if only one person is expected to compromise, if you feel like you need to change who you are to keep him happy, leave. You're worth more than that. You're allowed to be happy. You're allowed to be fully yourself.",SUPPORTS_REACTION,,AIO? My bf threw out leftovers,patqt8v
"I have social anxiety and absolutely ask my spouse to be the bad guy semi frequently. When it comes to situations that are stereotypically male dominated (like cars!) my anxiety is definitely worse and I would absolutely ask my spouse for help in a situation like this. Stranger + car + anxiety? My actual nightmare. I understand you were sick and it sounds like she probably should’ve not had the guy come that day if she was needing moral support from you but telling her to grow up feels harsh and unkind. If my spouse responded that way to me, I would incredibly hurt and offended. with your response",CRITIQUES_REACTION,,AIO for telling my gf to grow up,p23aac2
"Frankly, you are UNDERREACTING… He is ATTRACTED to the same therapist/psychiatrist that he has been doing healing work with while you were separated???? He went on a retreat with same healer that he is ATTRACTED to, and it is a NUDIST retreat???? He sat in a hot tub and did activities with NAKED women including the woman he is ATTRACTED to. Just from those 3 statements alone, I would proceed with permanent separation. He is majorly gaslighting you. He is weaponizing his pursuit of therapy/healing to legitimize cheating on you. Of course he knew there would be nudity at this retreat. He just didn’t want to tell you. He is interested in this psychiatrist/healer and who knows what she is ”healing” him of and with. He is pursuing his interest in this other woman whilst keeping you on the back burner, just in case. He NEEDS TO FIND A NEW PSYCHIATRIST/THERAPIST. If he doesn’t do that, you know why and what you need to do. BTW, his reaction to “male ER doc“ treating you is DARVO.",SUPPORTS_REACTION,,AIO for being upset that my partner hung out in a hot tub with naked women (including the retreat leader/psychiatrist) at a healing retreat?,pasd7q6
"That’s not an acceptable way to speak to ANYONE in my opinion, the fact that you’re a couple shouldn’t even be relevant- but realistically you ARE and he should DEFINITELY not have been speaking that way about you. I get heat of the moment sports banter, but at a bare minimum he could’ve apologized after the game.",SUPPORTS_REACTION,,Am I overreacting about how my boyfriend reacted towards me in a game ?,papejdt
"but his reaction is extremely telling. He couldn't even apologize? He had to twist it and make it YOUR fault. The extra guilt tripping at the end is not cute, either. I'm not saying he's 100% abusive, but these are some MASSIVE red flags for emotional abuse. He threw your food away and is trying to make YOU apologize. He did not even consider YOU when he threw that stuff away. He won't eat leftovers, and I just KNOW that's a huge waste of money for you both. I would just suggest sitting down and deciding if this is the kind of person you want to be spending your life with. Because this has the potential to get a lot worse. ❤️",SUPPORTS_REACTION,,AIO? My bf threw out leftovers,paugc3q
You got away with breaking the rules for months so suck it up and buy new pants.,CRITIQUES_REACTION,,AIO? Was told my pants aren’t the right color and wouldn’t be allowed to work unless they were the right color,okoiu9x
"I’m sorry the legal system failed you, I’m sorry they did not honor your Mum’s wished, and most of all I’m sorry you lost a Mum who loved you. Your DNA donor is a lowlife.",SUPPORTS_REACTION,,AIO? My dad sued me in high school.,papaatu
"Micromanaging your facial expression, wanting an apology for you being bothered by what he did, guilt tripping you that he now will feel like shit today. He is not showing the ability to regulate his own emotional state, and is being manipulative in response. You cant fix someone else’s emotional maturity level and it’s not your responsibility to hide your feelings so his day isn’t obliterated when he makes a choice that upsets you. How could you be overreacting when you barely reacted at all? You made a face. He’s overreacting to the feeling of having messed up and offloading all of the work of making himself feel better about it onto you.",SUPPORTS_REACTION,,AIO? My bf threw out leftovers,paspcgw
"in the slightest.. why and what’s the reason for deleting messages if there wasn’t something there for you to get upset at...? Does he normally delete messages or just the ones that he’s deciding to hide from you by deleting them? Honestly that doesn’t even matter bc messaging her before me when he woke up from a nap, ON TOP OF deleting messages AFTER discussing it and agreeing you wouldn’t, would have pissed me clean tf off anyway.. I’d have to let him go be with her since he clearly feels the need to, and is choosing to secretly community with her 🤷‍♀️",SUPPORTS_REACTION,,AIO bf texting his female co-worker,paq2wo6
"He opens his phone and shows her where “we” are? But he’s with her. I don’t understand this. You also say he’s sharing your location but he can’t. Only you can share your location. So in terms of his mom just asking where you’re at, that’s not a big deal. Yes he could just say you’re at a cafe. You could just ask why he feels the need to show her. Does she not believe him? But without info indicating more",CRITIQUES_REACTION,,AIO For asking my boyfriend to stop sharing my location with his mother?,par5m8m
"I have trauma surrounding being grabbed from behind/ being startled/ being closed in rooms. My kids know their usually-chill mom will absolutely lose her shit if they scare me/shut me in rooms. If you don't usually get mad, you're doing a fantastic job managing your issues. Great job. I can see why your ex is an ex. Try talking to your son one-on-one about how you have very bad memories with closed doors, and how when he teases you, he's being a bully. Tbh if this was my ex, he'd probably find his car mysteriously keyed or something.....",SUPPORTS_REACTION,,AIO for snapping at my ex because he told my son to close the bathroom door on me,patvsme
"the next time she says something about where you were, “I’m not going to accept your need to know your son’s location at all times is going to extend to me in any way. Where I am, what I’m doing and how long I’m there doing it is none of your business and I’m not going to tolerate you making comments about my whereabouts.”",SUPPORTS_REACTION,,AIO For asking my boyfriend to stop sharing my location with his mother?,par67qp
So yes and no I get the frustration of it only becoming an issue today but unfortunately you have to follow dress code. It's super shitty that your manager or the owner of the franchise hasn't said something to you about it before now,CRITIQUES_REACTION,,AIO? Was told my pants aren’t the right color and wouldn’t be allowed to work unless they were the right color,okp0l8c
All you had to do was go up and chill in the bedroom for a FEW hours and I'm sure theyd be asleep by 9 or 10 with a young kid. Like WTF.,CRITIQUES_REACTION,,AIO for leaving a dog sitting job because her adult son and his family were still home?,paq0vw3
"Is it a stupid rule? Absolutely. No one cares what color the pants are of the guy making, baking, cutting, ringing up or delivering your pizza. NO. ONE. Should you start wearing the required black pants to work now? Yes. If you wish to keep your job, you'll stop thinking you have ANY say in it and wear what you're told to wear....no matter how stupid it is in reality.",CRITIQUES_REACTION,,AIO? Was told my pants aren’t the right color and wouldn’t be allowed to work unless they were the right color,okrwnn2
"He's invalidating your feelings. Being mean and condescending isn't just ""apart of the game."" If it truly wasn't something big to him, it shouldn't be hard to apologize. Why constantly defend it if it hurt someone else? He's telling you your emotions don't matter. Dump him",SUPPORTS_REACTION,,Am I overreacting about how my boyfriend reacted towards me in a game ?,papko6x
"so hard it’s hard to process that you bailed on the complicated care for an animal for a long time friend who is ALREADY gone on vacation because you thought it would be too awkward hanging out in your bedroom for the night. That is such a powerful mix of cowardly and selfish I’m genuinely impressed. Congrats, you’re the one everyone will know not to count on. The animals who were trusting you to take care of them are the ones suffering now.",CRITIQUES_REACTION,,AIO for leaving a dog sitting job because her adult son and his family were still home?,patci56
"You knew they were going to be there. To leave early and not even communicate with Jake and Gina what you were doing and they would need to feed the dogs is unacceptable.on the plus side, I’m sure you won’t be asked to dog sit again",CRITIQUES_REACTION,,AIO for leaving a dog sitting job because her adult son and his family were still home?,pas40i2
"its corporates job to ensure company culture across franchises. You need black pants not navy. Maybe that’s why they are there. Maybe this location is too lax. Just go to the mall. Primark, H&amp;M, old navy or something and buy a pair of black pants.",CRITIQUES_REACTION,,AIO? Was told my pants aren’t the right color and wouldn’t be allowed to work unless they were the right color,okpl7uz
"in fact, you might be underreacting. I would consider this a sign of things to come. An engagement rings is an important symbolic gift - for him to overrule what you wanted and substitute his own ideas was terrible judgement on his part. At the very least, it should be on HIM to make it right. But not only is he leaving it up to you to fix it, he's also trying to guilt trip you for wanting to. Seriously reconsider whether this man is fit for marriage.",SUPPORTS_REACTION,,AIO for wanting to change the engagement ring my fiancé designed for me because it’s nothing like what I asked for?,paubqqm
"It’s not wrong that you were annoyed by the child’s behavior, but you could’ve simply gone to different part of the house, the kid would be in bed eventually and wouldn’t be your problem the next day. Leaving like that was overreacting since you walked away from what you’d agreed to be paid to do. Immature behaviour, learn to deal better with mild annoyances.",CRITIQUES_REACTION,,AIO for leaving a dog sitting job because her adult son and his family were still home?,pasqnov
"Do you want to have a relationship where you are going to be gaslit anytime you don't accept something that is not acceptable to you. This stopped being monogamous the minute he got into the tub with that individual, how do you know he has not been intimate with them already rather than just spiritual experience. And all the people including the psychiatrist whom he finds attractive female. Please respect yourself. You have already mentioned ""There have also been considerably less intimate situations involving other men where he’s been jealous—like a male ER doctor examining me, or me on a videoconference with a male colleague."" Time to cut losses. And when you get him the divorce papers served on adultery- say this is why you should share things with your future partner- if you end up having one in the future.",SUPPORTS_REACTION,,AIO for being upset that my partner hung out in a hot tub with naked women (including the retreat leader/psychiatrist) at a healing retreat?,par0x4u
Confront him or not he’s still gonna talk to his coworker. If it’s not on the phone then it’ll be at work. Cheaters will find ways to cheat! My coworker would call off of work to go spend the day with our coworker who she was cheating on her baby daddy with! One day her man showed up to our job asking for her! Another coworker told him she called in sick! Miss thang came to work &amp; resigned.,SUPPORTS_REACTION,,AIO bf texting his female co-worker,paqzlga
Dang that sucks. That hurt MY heart when I read he got some of her/your money so I can't imagine how much that tore your soul for him to get her money that he didn't deserve. I'm so sorry.,SUPPORTS_REACTION,,AIO? My dad sued me in high school.,papcvgm
"Not only did he insult you during the match, he also belittled you in front of everyone that wanted to hear.It bothers you because he displayed that he has zero respect for you. He literally told people he doesn't care. Don't accept this for yourself. He's a jerk and you can do so much better.",SUPPORTS_REACTION,,Am I overreacting about how my boyfriend reacted towards me in a game ?,papiect
"It is none of Mama Nosey's business. Mama's boy needs to understand that shit from the relationship stays IN the relationship. It is not to be shared with the world. If you had gas one night, would he share that too? And as far as his comment ""I am treating his mother like a stalker and making it normal family habit sound sinister"" goes : Don't want to be treated like one, DON'T ACT LIKE ONE!!! Good luck to you.",SUPPORTS_REACTION,,AIO For asking my boyfriend to stop sharing my location with his mother?,parauu5
"Yeah. You're looking at it incorrectly. You got away for months without following the dress cod. I have a feeling you already knew about such technicality. Find a Ross, buy a cheap a pair or two of black pants and don't complain about it. That's the adult thing to do here.",CRITIQUES_REACTION,,AIO? Was told my pants aren’t the right color and wouldn’t be allowed to work unless they were the right color,okrwpzy
"He just experienced a literal male fantasy and expects you to be chill about it?? If you were one of the many naked women in a hot tub with a random man, how would he feel? Or if you were in a hot tub with bunch of naked men who he knows you find attractive, how would he feel? Doubt he’d be ok with it. I also wouldn’t trust that he’s telling everything. This admission was the base line information to see your reaction. If you were ok with it, he probably would have revealed more. Since you’re not, he’s being defensive. I wouldn’t doubt he’d phrase something like “she didn’t jack me off, It was a spiritual release” “i wasn’t just putting her breast in my mouth, we were making a healing connection” 🙄🙄 Most people in a monogamous relationship know to excuse themselves from situations that would disrespect their relationship.",SUPPORTS_REACTION,,AIO for being upset that my partner hung out in a hot tub with naked women (including the retreat leader/psychiatrist) at a healing retreat?,par196u
"Sounds like my wife. Her right ear has been “blocked up” since last October, and hasn’t done anything about it. When she goes to her PCP I remind her to tell him about it but she doesn’t.",SUPPORTS_REACTION,,AIO for getting frustrated with my wife?,pap5v9m
sorry but if he wanted to “get it right” and be sentimental with a gem you bought together why did he not get you a gold band with the sapphire and a diamond on either side? Something tells me the main ring is recycled. My son-in-law took me with him to make sure “he got it right” and spent literally 30 minutes with a jewelers loop vacillating between two diamonds for the center stone for my daughters ring.,SUPPORTS_REACTION,,AIO for wanting to change the engagement ring my fiancé designed for me because it’s nothing like what I asked for?,pathq0q
"I mean, to be fair, yeah, you were a jerk about it. The message was very rude. You weren't wrong, but there are far kinder ways to communicate your feelings without risking a justified breakup.",CRITIQUES_REACTION,"Hard case: commenter agrees with OP’s underlying point but criticizes the way OP delivered it, so the actual reaction is labeled CRITIQUES_REACTION.",AIO for telling my gf to grow up,p233izt
"from what you wrote I don’t see anything wrong with what you said. I do see an issue with his reactions though. Instead of addressing what you said, he chose to react to the face you made. The message he sent is pretty manipulative also. Taking away from his actions and blaming your reaction. That’s some manipulative BS right there. Personally I’d call him out on it, tell him it’s not ok to not take responsibility for what he did, and instead try to make you the ‘bad guy’ for reacting to it.",SUPPORTS_REACTION,,AIO? My bf threw out leftovers,paspfw6
I designed a ring for my fiancé including pink sapphires to represent her twin daughters. She loves it. It’s exactly her style. She’s a big and flashy kind of girl. It’s a 7 carat princess cut diamond with 2 one carat pink sapphires set in 18K gold. He should have gotten you what you asked for. https://preview.redd.it/z7s6q6a2tjqh1.jpeg?width=3024&amp;format=pjpg&amp;auto=webp&amp;s=34495f7efdf3329253278ead8e22564b8f979c1e,SUPPORTS_REACTION,,AIO for wanting to change the engagement ring my fiancé designed for me because it’s nothing like what I asked for?,pauhts6
"If you’d said anything other than “grow up”, you would have been fine I think. It’s not the sentiment that’s wrong, it’s how you delivered it. This is your girlfriend, there’s no reason to be hateful, even if you’re sick and she’s acting kinda stupid. Also, “no” is a complete sentence, but you literally could have just been like “girl I already told you I can’t engage because I’m sick. I’ll be on the toilet for the foreseeable future, you’ll have to handle this one yourself” would have been just as effective without being belittling. “Grow up” is very much bullying language, I don’t even say it to my kids because it’s nasty. You weren’t wrong until you made yourself wrong.",CRITIQUES_REACTION,,AIO for telling my gf to grow up,p22zwwp
Sarah was fine with it and the little boy sounds like a monster. It was simply a misunderstanding and it’s straightened out now so stop overthinking it. Everything is fine!,CRITIQUES_REACTION,,AIO for leaving a dog sitting job because her adult son and his family were still home?,pap5ub5
"if it is a ""normal family habit"" for them to look at locations of spouses, the spouses still need to be informed beforehand. He knows perfectly well that this isn't normal for everyone. You need a bigger conversation about if he shares your private details and conversations with her too.",SUPPORTS_REACTION,,AIO For asking my boyfriend to stop sharing my location with his mother?,par3ceh
"And frankly, you were a massive asshole. Partners are there to help and support each other. My partner and I are 35 and 33. Different people have trouble with different things. I'm sure she picks up the slack for you in some areas, too. It's about give and take. And if something is a repeated issue, yeah, you can have a *respectful* conversation about it where both people are heard. But you? You are acting like a petulant teenager, and YOU need to grow up and learn how to properly communicate in a relationship.",CRITIQUES_REACTION,,AIO for telling my gf to grow up,p23apbd
"""They sad black pants and I came in with these and no one said a word. Not my manager, not my coworkers, nothing"" Grow up and buy some black pants. Like you were supposed to. Welcome to having a job.",CRITIQUES_REACTION,,AIO? Was told my pants aren’t the right color and wouldn’t be allowed to work unless they were the right color,oktbdfb
"These surveillance things always seem fine and like a good idea, until they're not. Just tell BF you've thought it through and you just aren't comfortable with location sharing with anyone, and remove it from your phone. Also have a real talk with him re boundaries with his mom for the future. Now is the right time to have that talk, not when you need three nurses to drag her out of your delivery room.",SUPPORTS_REACTION,,AIO For asking my boyfriend to stop sharing my location with his mother?,patog3o
I would never leave my girl alone when a stranger is coming to her house. Let alone tell her to grow up when she asks you for a favour. I would never tell my partner to grow up like that.,CRITIQUES_REACTION,,AIO for telling my gf to grow up,p24g55k
"I don’t agree w the strictness of most uniform policies, specially in jobs like the one you have, cos like, tf do my sock colours gotta do w anything? **but** putting my corporate hat on: you had 5 months to get the correct pants. it should have been done after you learned the dress code, you got lucky with lower management, and they also didn’t send you home and let you work, so you got lucky again, if you want to keep the job take the L and hit up Walmart for some black pants. this is just how big box corps are but I understand your frustration cos it’s a petty issue",CRITIQUES_REACTION,,AIO? Was told my pants aren’t the right color and wouldn’t be allowed to work unless they were the right color,okpuiq8
"How is this even a question? Wasn’t the ER doctor a healing experience? He admits he finds the therapist attractive. He shouldn’t even be going away on retreats with her. Of course He knows it’s indefensible and it’s even worse when he gets jealous for considerably more innocent situations involving you, but expects you to just accept this. It’s a rules for thee but not for me situation. And threatening not to tell you is immature and a red flag. At a certain point, you have to ask yourself what you’re actually saving here. He for sure loved the idea of being surrounded by naked women in a hot tub. It was an ego stroke even it wasn’t sexual. I would expect him to say he wasn’t comfortable with being around naked women and to bow out of that part of the process. I also find it weird that the therapist just sprung it on him after he was already there. I find the entire situation sus. Either she withheld this information from him or he’s lying. S either she can’t be trusted or he can’t. Either way, for the sake of your marriage, he should drop this so-called healer. Especially given his attraction to her. You’re underreacting by not drawing a line here.",SUPPORTS_REACTION,,AIO for being upset that my partner hung out in a hot tub with naked women (including the retreat leader/psychiatrist) at a healing retreat?,par1ffx
"and their stance won't change. I used to work at Domino's. Same deal. Wore the same clothes for 4-6 months. Even our franchise owner saw me in them on several occasions and never said anything. We got a new GM and my very first interaction with him was him sending me home (well, to Walmart technically) due to my pants. On a side note, I got that GM to reimburse me for my new pants. Always worth trying to do the same.",CRITIQUES_REACTION,,AIO? Was told my pants aren’t the right color and wouldn’t be allowed to work unless they were the right color,oksi5m1
Was the restaurant a traditional place that has servers who assume that your boyfriend is meant to order for you as well? If so I don’t know why you’re surprised. Otherwise that’s actually insane server behavior. 5 to 10% tip because we live in an unfair society,SUPPORTS_REACTION,,AIO for thinking the server doesn’t deserve any tip?,patc09l
"Do you know why she lacks the confidence to tell a grown man no at 36? Yeah, me either, but I'm pretty sure being told to ""grow up"" instead of actual helpful advice isn't helping that confidence.",CRITIQUES_REACTION,,AIO for telling my gf to grow up,p22sqyv
Snowflake. Wow. You’re funny. You were in this kids house and expecting him to leave you alone in the common area? Guess you have never been around kids before.,CRITIQUES_REACTION,,AIO for leaving a dog sitting job because her adult son and his family were still home?,pari1pe
dump the bf and report the ref to whoever oversees the rules as he failed to do his job. if he cannot do his job then he should not be a ref!! My guess is he did not because you are female! that alone would piss me off!,SUPPORTS_REACTION,,Am I overreacting about how my boyfriend reacted towards me in a game ?,papm1i6
"Whether or not you like it, that’s the rule. You clearly know that’s the rule for the job, it’s not like this is a new stipulation. So you’re just upset that they are finally making you follow the rules.",CRITIQUES_REACTION,,AIO? Was told my pants aren’t the right color and wouldn’t be allowed to work unless they were the right color,okrg78n
"He decided the first action of the rest of your lives together is to do the exact *opposite* of what you explicitly requested. He did that knowing very well it might make *you* sad. That honestly feels like he wanted to push your boundaries and set the stage for a marriage where **you compromise more and more of yourself**, your values, your feelings, your desires, etc. I'm sorry, OP, but I think your marriage is already off to a bad start.",SUPPORTS_REACTION,,AIO for wanting to change the engagement ring my fiancé designed for me because it’s nothing like what I asked for?,patm79w
"MOR I don't think emotionally to being treated like that, it was definitely unprofessional of him. Who knows why he did it, could be as others are saying or simply that he's really new or something and would have come back for your order after putting in your bf's. Who knows. I will say that, if it's in the US, depending on the state, servers can be paid less than minimum wage because they're expected to get tips, so it's ideal to tip. It would obviously be the customers choice not to tip, and he should change how he takes orders to ensure good tips, but I would probably just leave a small tip/bad tip rather than none at all. If you live somewhere that pays living wages, no tip is acceptable as far as I know",CRITIQUES_REACTION,,AIO for thinking the server doesn’t deserve any tip?,patgudz
You only have one pair of pants you wear to work? go get a few pairs of black pants,CRITIQUES_REACTION,,AIO? Was told my pants aren’t the right color and wouldn’t be allowed to work unless they were the right color,okojcdt
"That’s the inspectors job. To make sure the place is a well oiled, perfectly uniform, cookie cutter machine. It’s a corporate, low tier, high stress, no reward job. I worked something very similar during high school. It just is what it is. If you hate that, then push yourself to go to bigger and better things. If this job suits your current needs and you can’t be asked to get a different one, then go buy the black pants.",CRITIQUES_REACTION,,AIO? Was told my pants aren’t the right color and wouldn’t be allowed to work unless they were the right color,okohqvw
"Don’t confront him. It’s not worth it. What would you possibly get out of that? He’s lied to you multiple times, why wouldn’t he just continue to lie? To put it plainly, lying is a good solution to making sure he doesn’t have to deal with your feelings in his eyes. If you have any reason to be upset with him for doing anything at all, he’ll just lie to you about it. Because it’s easy, free, and doesn’t carry consequences in his mind. And “I just woke up from a long nap” unprompted is weird as fuck. I text that shit to people I’m dating and nobody else unless they ask what I was doing. Just begin disconnecting emotionally, ensure you have a plan for where to live, what to do with your stuff, and end it. He’s cheating on you emotionally and at this point, you’re basically plan B and she’s plan A. It’s just a matter of whether or not she pans out.",SUPPORTS_REACTION,,AIO bf texting his female co-worker,paq2jjn
"He used your son as the trigger, smiled while it worked, then called you unhinged for reacting. That's the whole play in three moves. The ""grow up"" speech is what he was fishing for. If you'd stayed calm he'd have done it again next week. Getting your son involved is the part that should scare you the most.",SUPPORTS_REACTION,,AIO for snapping at my ex because he told my son to close the bathroom door on me,patw6ik
"but she also does need to grow up, however telling someone to grow up is very childish. You saying that you were both 36 threw me through a loop lol. You can explain your feelings clearly without being rude.",CRITIQUES_REACTION,,AIO for telling my gf to grow up,p24g4cd
"Makes sense it’s only raised now if the inspection wasn’t there before. So it’s against dress code, no one noticed or cared till now. Just wear black trousers, it’s not a big ask.",CRITIQUES_REACTION,,AIO? Was told my pants aren’t the right color and wouldn’t be allowed to work unless they were the right color,okojxz2
"OP: Hire a lawyer and get what you deserve, and then go straight to /r/personalfinance to understand how to manage it. If you lose them, then you never had them to begin with. They don't care about you, only your money. You were in high school. Any parent that sues his own minor child is abusive trash. Honestly, you need to reserve just a little bit of resentment towards your mother, even though she meant well: &gt; even though the only reason she didn't divorce him was because he'd have been homeless without her, and she thought that would traumatize me. They lived separately for five years before she died, on separate floors of our house, and didn't even speak, ... Moral of the story: **Don't stay with a shitty partner for the sake of the kids.** And no, you aren't ungrateful to him. Why the fuck should you be grateful?",SUPPORTS_REACTION,,AIO? My dad sued me in high school.,pasqut0
Not sure what kind of reaction you expected with a comment like “grow up”. It’s inflammatory and I’m sure you know that too.,CRITIQUES_REACTION,,AIO for telling my gf to grow up,p233g8q
Go buy yourself a cheap pair of black pants. I’m sure you can find some at any thrift store.,CRITIQUES_REACTION,,AIO? Was told my pants aren’t the right color and wouldn’t be allowed to work unless they were the right color,okojaik
"She’s family and you’re not, so she asked you to be more conservative around them. Why don’t want to go braless around other people anyway? While you’re staying at their house? Weird thing to be bothered by. You sound exhausting.",CRITIQUES_REACTION,,AIO? My friend told me to wear a bra in front of her brother in law.,pauxu2n
"Only major valid reasons for permanently sharing location with a partner are safety (genuinely looking out for each other) and convenience (ie. know when someone is on their way). Managing emotions is a terrible reason. Managing a MIL’s emotions would be comical if it wasn’t so fucked up, no matter how much your mummies boy wants to try and normalise that. Definitely disable it if he can’t respect simple boundaries.",SUPPORTS_REACTION,,AIO For asking my boyfriend to stop sharing my location with his mother?,pas898j
"&gt;Then when I got to work I got a message from him saying “I was really hoping to not feel like shit today” What a selfish asshole. No accountability or even self-awareness. It's fine if he didn't want to eat the leftovers, but he didn't even communicate with you that he was going to throw them out. And then the audacity to get mad at you for being upset. Side note: I despise people who refuse to eat leftovers. You're literally throwing money into the garbage. Edit: I read some of the comments you left about his behavior. This dude sucks ass. I hope you update the post and let us know you've decided to end the relationship.",SUPPORTS_REACTION,,AIO? My bf threw out leftovers,patyiss
he’s not taking accountability for throwing away food that you use for your lunch. It is important to pay attention to this behavior. He didn’t stop to think any further than what he does or doesn’t like. More than the food ( which was really wasteful especially in the current economy) it shows he only thought of himself. A simple fix to prevent this from happening again would be for you to prep your lunches with the leftovers when you put them in the fridge. This might mean getting a few extra containers for your lunch. I did this just to keep us from wasting good food and wasting money on lunches we didn’t need to be buying.,SUPPORTS_REACTION,,AIO? My bf threw out leftovers,passi4w
"Of course This isn't healing! I don't know what to say (Though I personally have felt that most ""*therapy*"" involves *borrowed love &amp; affection* when a relationship goes wrong and the individuals are craving for it. However one should work hard to keep it at platonic and emotional level. This to me, seems to be crossing a boundary - by a significant margin). Having said that \* I don't know how *deep* the emotional wounds of your breakup were on both of you. Maybe one could give a very small consideration for lack of judgement after a long traumatic phase. \* And maybe you can give him some points for telling you about it - but that of course doesn't make it all okay. In-fact coupled with *“this is why I shouldn’t share things with you” -* it's gaslighting at worst and avoiding responsibility at best. Wishing you wisdom and strength to deal with this gracefully. *On another note - I guess I now know - to be careful about what can go on behind such ""retreats"".*",SUPPORTS_REACTION,,AIO for being upset that my partner hung out in a hot tub with naked women (including the retreat leader/psychiatrist) at a healing retreat?,paqzhqu
"I would tell him that's because she *is* acting like a stalker, and he's an adult who doesn't need to be tracked by mommy anymore. And you *never* agreed to be tracked by *his* mommy, that your own parents don't even track you. Tell him if this were just about safety, even between the two of you, you would only need to check location in emergencies like if you were running really late to meet him and hadn't checked in, not just to see what each other is up to bc that's just straight-up surveillance, and you're not interested in being part of he and his family's surveillance state bc they don't trust you and feel entitled to know what you're doing every minute of the day and night. Let him know it's creepy that his mom commented on your whereabouts, like what was her point in doing that? Did she expect you as an independent adult to explain yourself, especially when she's not even *your* parent? This dude needs to cut the apron strings and act like the independent adult he's supposed to be. I personally wouldn't want to date someone so enmeshed with their family. I get that a lot of people do location sharing now, and in certain instances it makes sense, like for parents with minor kids, long-term couples when it's not abused to spy on each other, a friend wanting her friends to know where she is on a first date with someone they just met for extra protection, these are all actually reasons for safety, not just to invade each other's private lives. But as a GenXer who grew up without everyone constantly monitoring my whereabouts, I don't get why so many people feel you're not entitled to privacy and if you don't agree to be tracked constantly via your phone they can't (really, won't) trust you.",SUPPORTS_REACTION,,AIO For asking my boyfriend to stop sharing my location with his mother?,pasbhje
"My husband's oldest child shared their location with the both of us, but not hubby's ex-wife/ the biological mother. When ex learned that hubby had the location, she would pester him for that information and threaten to withhold the younger two children and cause a ton of other issues is he didn't give her the oldest's current location. So oldest child stopped sharing their location with him. I'm the only one with it, now, so I get the peace of mind that my adult bonus child is safe at home after parties and whatnot. And I only get that privilege because we have a great relationship and respect each other's boundaries.",SUPPORTS_REACTION,,AIO For asking my boyfriend to stop sharing my location with his mother?,pas3re7
"Remember, when he dies you get to sue his estate for your share. Consult a lawyer.",SUPPORTS_REACTION,,AIO? My dad sued me in high school.,pau3pb2
"She should never have access to that unless you personally grant it. How old are you guys? If you're adults by age (I always say my age says I'm all adult... However I usually need an adultier adult to help), then she had no business. If your bf doesn't understand the great breech of confidence he did, he may not be the right person for you. WTF does Mom even want to know?!!!!! Stick to you boundaries... You will be glad you did. Updateme",SUPPORTS_REACTION,,AIO For asking my boyfriend to stop sharing my location with his mother?,pata8x7
Either get black pants or lose your job. Idk what you expect reddit to tell you. Is dress code stupid? Yes. Is it mandatory in every single shitty good job? Also yes. So either get another job or suck it up and buy some black pants,CRITIQUES_REACTION,,AIO? Was told my pants aren’t the right color and wouldn’t be allowed to work unless they were the right color,okv1xwo
"It’s a bit of a red flag that he knew what you wanted and went against it. Why would it be important to him to specifically NOT give you what you wanted, when it’s something you’re supposed to wear every day for the rest of your life? I’m not saying this is a big deal on its own, but it should definitely make you think about your relationship. Is this unusual, or does he often disregard your opinion? Is he controlling in other aspects? Does he think he knows what’s best for you better than you do?",SUPPORTS_REACTION,,AIO for wanting to change the engagement ring my fiancé designed for me because it’s nothing like what I asked for?,patgklm
"buy some black pants. It’s very common for employers to set mandatory dress code expectations. The whole point of a franchised business is for customers to expect and receive goods or services that are, no pun intended, uniform from one location to the next. You may not like it, but even if you choose to work elsewhere (which would be silly) I would not expect anything different.",CRITIQUES_REACTION,,AIO? Was told my pants aren’t the right color and wouldn’t be allowed to work unless they were the right color,okohjo4
"first, his yelling in your face should have been a red card. In the game, I mean. Second, he couldn’t deal with the fact that his team was losing to the team his girlfriend coaches. I would have been like you, and kept quiet… up to a point. But then I would have found something red and every time he spoke disrespectfuy, I would have held up a red card, lol. You are over reacting? Talk to the RED CARD. It’s my problem? RED CARD. When he says stop doing that.. RED CARD. Then you can casually state that each red card counts for 3 days you won’t be responding to him until you get an actual apology for acting like a MANCHILD and embarrassing you in from of your team and your friends. When he says he doesn’t owe you one, you say, RED CARD, one more and you wont just be ejected from the game, but my life too.",SUPPORTS_REACTION,,Am I overreacting about how my boyfriend reacted towards me in a game ?,paprm34
"It's so weird that he's trying to blame you for his own feelings. If you have feelings, you are supposed to sensor them so his feelings are intact? That's crappy. That text should have been an apology, if he really wanted to feel better. He wants you to feel bad because he feels bad! It's a small mishap. He should be better now about minding the fridge as a shared space. It's something you learn along the way. His instinct, though, is not to meet you half-way. Gross.",SUPPORTS_REACTION,,AIO? My bf threw out leftovers,patvhge
"I'm spiritual and I wouldn't be okay with what happened. At all. I don't know what woman would be comfortable being naked in front of other men unless they're nudist or having sex. I'm also into psychology and read it just because I'm curious and like learning how people operate, especially the toxic part of being human. Even with everything I know, I'm not okay with it. I don't believe him. That to me breaks trust, he could have left but he didn't. He stayed, if he stayed what makes you think he didn't do anything? If men were given the chance to cheat and not get in trouble they all would do it. Also as a reiki master, he's full of shit. And he's abusive. Signs are all there. Dump him. Seriously. You're better off, and it will clear that toxic energy out left by him. It will invite new energy for you, that's better.",SUPPORTS_REACTION,,AIO for being upset that my partner hung out in a hot tub with naked women (including the retreat leader/psychiatrist) at a healing retreat?,par1ys4
"I don’t think the nudity is a big deal. That’s a very American thing to pearl clutch about. However, why aren’t you in a relationship with someone who is possessive to the degree that they take issue with male doctors and coworkers? to the question at hand. And UNDER-reacting to your husbands red flags",CRITIQUES_REACTION,Hard case: commenter says OP is overreacting to the nudity itself while also saying OP is underreacting to other relationship red flags.,AIO for being upset that my partner hung out in a hot tub with naked women (including the retreat leader/psychiatrist) at a healing retreat?,pas0kp7
"Yes You’re sick so you’re probably irritable but it’s lowkey a dangerous situation she’s in rejecting a guy who traveled so she can see the car. If something were to happen to her after telling him no (not saying the likelihood is so high, just that it’s possible) you’d probably ask “why didn’t you call me/tell me/grab me” etc. It’s not childish to want a little male strength behind you when dealing with cars. Women take boyfriends, husbands, fathers, brothers, male besties with them to mechanics all the time to make sure they’re not getting screwed over. She just wanted some help. That doesn’t make her childish.",CRITIQUES_REACTION,,AIO for telling my gf to grow up,p22u65q
"Just buy some black pants. If you’re tight on money, thrift some or buy some black dye for $3 and dye your navy pants black.",CRITIQUES_REACTION,,AIO? Was told my pants aren’t the right color and wouldn’t be allowed to work unless they were the right color,okohcme
"You're taking it personal because it IS personal. And I don't give a flying fuck what we're doing, my man does not speak like that to me or about me. How long have you been together and how many times has he pulled this shit before?",SUPPORTS_REACTION,,Am I overreacting about how my boyfriend reacted towards me in a game ?,pautt3v
If that’s the dress code that’s the dress code. Someone was slacking to not catch this sooner but now you know what’s expected of you.,CRITIQUES_REACTION,,AIO? Was told my pants aren’t the right color and wouldn’t be allowed to work unless they were the right color,okq7j7b
"the kid sounds like the normal level of annoying for a four year old. The parents could have done a better job of correcting him, but maybe they just felt at home in their own house and figured since you’re getting paid they won’t need to treat you like a guest. Your friend should have told you that you didn’t have to stay the first night before you go there, but it slipped her mind, which happens, and she handled it well once she realized her mistake. You just need to shake it off and move on.",CRITIQUES_REACTION,,AIO for leaving a dog sitting job because her adult son and his family were still home?,pap1htb
I think this will divide people based on tipping culture in the country though. In the UK we would be saying WTF to the server and very unlikely there would be a tip unless they seriously turned it around.,SUPPORTS_REACTION,,AIO for thinking the server doesn’t deserve any tip?,pat9otw
morally he gave up any rights to anything of your mothers when he cheated and they decided to live separate lives.,SUPPORTS_REACTION,,AIO? My dad sued me in high school.,parpany
"he’s not worth the fight though. If he’s deleting messages AND messaging her before you after a nap just call it quits, I found out my husband was doing the same type of thing and I wish I would’ve walked away. It’s too much to mentally handle because eventually it will turn into full blown cheating, he already works with her and does fuck knows what when he’s at work.",SUPPORTS_REACTION,,AIO bf texting his female co-worker,paqedbs
"**The fact that he is lying and hiding and deleting messages elevates this to a NOT innocent relationship with this coworker.** If he is texting her saying he just woke up from a long nap BEFORE he texts you, then he is more far gone for this coworker than you are even imagining. You really need to read: Not just friends by Shirley Glass. You are not the girlfriend, you are the other woman in their relationship- a placeholder while he explores and gets closer to this coworker.",SUPPORTS_REACTION,,AIO bf texting his female co-worker,paq2r61
"He has lied about the extent of their acquaintance, claiming he never talks to her. He talks to her enough to text her first thing after a nap when he’s on vacation? He deletes messages with her. He’s definitely either involved with her or working on it. No other reason for this behavior. Have you ever met her? Have you been to his workplace and do his colleagues even know about you? I’m so petty that I’d text her asking why she’s sending non-work related texts to guy with a live-in girlfriend. Only after you have your plan to start over in place. She may not know about you and if so, that would be my going away gift to him. He’s not worth it. You can do better.",SUPPORTS_REACTION,,AIO bf texting his female co-worker,par4mbh
"I'd be letting the manager know about the servers behaviour towards you, that's incredibly unprofessional! The fact your boyfriend thinks you are raises a few questions, like why he thinks the server still deserves a tip after pointedly ignoring you like that",SUPPORTS_REACTION,,AIO for thinking the server doesn’t deserve any tip?,patf0vg
"At most you leave a smaller tip, but you always tip if you’re at a restaurant that does tips. Otherwise you’re forcing your server to pay to serve you (they have to tip out hosts, bartenders, bussers from the tips they make)- and that is the lowest of the low. Instead of a 20% tip your bf could have left 15%. But it honestly sounds like the server thought you didn’t want anything. Granted he should have asked, but he might be new, nervous, he could be working through a day that he just heard some bad news- you don’t know. Always tip.",CRITIQUES_REACTION,,AIO for thinking the server doesn’t deserve any tip?,patabvk
"So he doesn't want you to make him sad by redesigning it, but it was fine when he made you sad by ignoring what you wanted. This isn't some random fancy ring for special occasions, this is the one you wear all the time. Then you offered a compromise that's even less of what you like but he's acting like anything other than you keeping his choice is unacceptable. **He admitted it was a gamble but won't accept that he gambled and lost.** How about you get a ring that matches what you wanted and this can be an anniversary gift later. Does he do this with every compromise? Does he call the time spent wearing you down until you do what he wants the compromise? I married someone who does this, he wasn't like it when we dated for 5 years first, but i can't tell you how many times he's insisted ""the compromise was wasting an hour talking about it, now we're doing it my way"" and if we do somehow actually do a proper meet in the middle compromise he calls that me getting my way. There's never a situation where I get my preference. He only acknowledges that he got what he wanted if there's no discussion about it. Anything less than blind acceptance, even if he gets what he wants in the end, is compromise. Don't do this to yourself.",SUPPORTS_REACTION,,AIO for wanting to change the engagement ring my fiancé designed for me because it’s nothing like what I asked for?,patf5ap
"Of course you're taking it personally - it was a personal attack! If it was truly the heat of the moment, he would have apologized. Instead, he doubled down. Is he this disrespectful in other aspects of your life? Think long and hard about it, and what you are willing to accept in a relationship.",SUPPORTS_REACTION,,Am I overreacting about how my boyfriend reacted towards me in a game ?,pasiwmj
"""All my managers dont care about doing their job. I've been breaking uniform policy for months now, and I finally got caught, and i'm pissed that I cant keep breaking the rules of the establishment that enables me to pay my bills"" Yes",CRITIQUES_REACTION,,AIO? Was told my pants aren’t the right color and wouldn’t be allowed to work unless they were the right color,okrklzm
I hate to be this person. But I fear you have mental health issues. Do you attend counseling and or take prescribed prescriptions? I don’t think your at all. I’m not reading about any reaction?,SUPPORTS_REACTION,,AIO? My dad sued me in high school.,papm70q
"It's annoying and maybe a bit frustrating but it's not a big deal. Having to wear black pants is not an unreasonable request for a job. Places have dress codes, maybe it wasn't enforced before but now it is. Stuff like that happens and there are bigger problems more worth your energy than this. In my experience, it's the minimum wage kind of jobs that care the most about dress codes. I don't know why but that's just how it is. It's also worth having an extra pair of work pants, especially black ones. Black pants are pretty universal and most places I've worked at (except Target) accept them as part of their dress code.",CRITIQUES_REACTION,,AIO? Was told my pants aren’t the right color and wouldn’t be allowed to work unless they were the right color,okpaxse
"Sorry. You agreed to a dress code. You've finally been found out. They just gave you a warning, they didn't fire you. These kind of things happen all the time. You just shrug them off and go ""oh, well"". To majorly paraphrase Dr. Suess ... don't be upset that it's gone, be happy that you had it while you did. This is like getting away with speeding every day without getting a ticket, then that one day, a blasted cop is suddenly there on a street they are just never there and you get a speeding ticket. You know in your mind that speeding is illegal, you agree to it when you get your driver's license. Same with wearing a seat belt. *But damnit all, you want to rail against the fates in the universe about the unjustness of it all that you got a blasted ticket!* Only, it's not unfair or unjust.",CRITIQUES_REACTION,,AIO? Was told my pants aren’t the right color and wouldn’t be allowed to work unless they were the right color,okokjmq
"So the deleting is evidence that the knows what he is doing crosses the line, but instead of stopping it, he is deleting it. After you discussing it with him, he continues the behavior rather than changing it. When his resolution to doing something he is not supposed to do, that disrespects you and your relationship, is to hide it, you now know something about his character and integrity that you may not have fully understood before. You can choose your next steps. 1. Tolerate that behavior and see what happens 2. Confront the behavior and then monitor (police) since he has proven to be untrustworthy 3. Make plans to leave/move along with or without confronting. After 6 years, I would personally confront, knowing that I dont want to police and so i would be moving on. I believe telling him that he continues to demonstrate dishonest and lying behaviors which lack integrity and that you cannot be in a relationship with someone who is so disrespectful to you and your relationship. That his behaviors are sketchy and he knows it and what continuing to do that after being asked not to shows that he does not value you or your relationship. Good luck OP",SUPPORTS_REACTION,,AIO bf texting his female co-worker,parsujs
Oh your GF is mad at you for treating her like shit after you treated her like shit?,CRITIQUES_REACTION,,AIO for telling my gf to grow up,p23466d
"Clothing optional hot springs and beaches exist. If the “retreat” was at one of these clothing optional locations, it’s not a surprise that clothing was optional. I don’t find the clothing optional aspect to be a violation of monogamy on any objective level. HOWEVER, the REAL issue here is the double standards and the - how do the kids call it today?- the negging. Him being upset because you had a male doctor and a male coworker is absurd. For him to then tell you there is something wrong with you when he proceeds to be around naked women is manipulative. You have every right to be upset about his seriously double standards. AND by telling you he found this other woman attractive, he is trying to make you feel small so he can control you. Don’t be upset about naked women. Be upset that you’re dating a horrible person.",SUPPORTS_REACTION,,AIO for being upset that my partner hung out in a hot tub with naked women (including the retreat leader/psychiatrist) at a healing retreat?,pauxuuf
"if she is in as much pain and discomfort as she says and finished her antibiotics over a few days ago, she is placing herself at serious risk of suffering permanent damage.",SUPPORTS_REACTION,,AIO for getting frustrated with my wife?,paophx2
"You have already done everything you can do! You have been nice, caring, patient, empathetic and loving! You are definitely how has she been able to take care of herself up to this point? She absolutely needs to see an ENT (nurse here) and not repeated online visits or Urgent Cares for repeated antibiotics. Right now, she is in danger of a more severe infection and or untreated condition where she could lose her hearing completely or even risk possibly becoming septic! Don’t get angry. Stay calm and tell her you are concerned but it’s up to her now. I know how hard it is financially, especially without insurance, but later you could get all that settled, but right now the priority should be her actual life!",SUPPORTS_REACTION,,AIO for getting frustrated with my wife?,paoor25
"It's dress code. Those pants in the pic are navy. If you need black, get some black slacks. --- Rule that usually works for khaki type pants: Brown button at zipper = navy blue. Black button at zipper = black.",CRITIQUES_REACTION,,AIO? Was told my pants aren’t the right color and wouldn’t be allowed to work unless they were the right color,okokp74
You’re no kid should ever have to grow up feeling like their own dad sees them as an enemy worth suing.,SUPPORTS_REACTION,,AIO? My dad sued me in high school.,paqb4z4
"and also why are you checking his phone like that. you obviously dont trust this guy, you should probably break up lmao",CRITIQUES_REACTION,,AIO bf texting his female co-worker,pas1ubm
"No one needs your location. No one deserves your location. No one should be producing your location on demand like it's a funny meme or reel for anyone. I only share with one person, and it's only active if I'm doing something risky alone. (Like hiking) I'll turn it on if someone is finding me after, say a car accident. If you are trying to find our location to meet up and are lost? I'll during it on. Sent a map pin. I also have a Garmin watch. It will ping my location to EMS If something happens. It'll ping my location to my safety person as well. My car has GPS recovery and also will throw my location up to an emergency person or EMS in an accident. My dog has an old Gen 2 fi collar. I've got it covered. As I dont have chikdren in my home there is no need for family location sharing. She worries about him... while he's in her presence... so he shows her YOUR location on his phone? Yeah... that's upsetting. That's weird. Has nothing to do with her worries for HIM. He is right there if I read that right. Uh. Nope. The implications are that she doesn't think you are truthful or trustworthy? My mother is obsessed. She has no boundaries. No respect. Cannot help herself. (Will not) its to an insane degree. She will never have my location. Her ""anxieties"" and ""worries"" and control issues are hers to manage. No more guilt. No more ""it's harmless!"" No. I'm a 42 year old woman... at some point, things change, and if someone has proven they can't handle having something or being responsible with something (like your location) they don't get that privilege. It's creepy to make commentary about where you were, what you were doing there, and how long you stayed there... I'd be uncomfortable and upset too. That has become surveillance, and shows they've not just seeing my locations but watching it actively. Why did I spend 45 minutes at the coffee shop? Wtf?!",SUPPORTS_REACTION,,AIO For asking my boyfriend to stop sharing my location with his mother?,pas3irk
"Your boundaries are your boundaries, but if you didn't specifically tell him that nudity was one of your boundaries, he can't respect a boundary that he doesn't know exists. The whole healing journey thing kind of makes it like the women were naked but not naked, which I know makes no sense. On the other hand, if the shrink has another ""leadership"" session with men, next weekend, then you can go join them and be naked but not naked. This stuff seems kind of like a California or a Hawaii thing. And if the Psychiatrist has another retreat for the ladies the next weekend, I'm willing to make the sacrifice and travel all the way to California or Hawaii - just for healing purposes, of course. So, considering this was a ""healing""/""leadership"" seminar, did your bf heal or get any leadership insights? Sorry. I had to. Lol. As far as this question goes ""Does something being part of someone’s healing journey automatically make it acceptable within a monogamous relationship?"", I think the answer to your question depends on the truth about how far things went. If there is sex at the retreat, no it would not be acceptable. I'm thinking that if you want to find out what the retreat was like, you should attend one of those retreats where the men go. Make it an even experience and be there. Then. you'll know. You can ask the psychiatrist if she is having another one of those retreats in the near future. If it truly is just healing and leadership under the eyes of a psychiatrist (even if she's hot and naked), then I think it has to be taken at face value. I find it interesting that the psychiatrist said some of the partticipants liked to do their healing work nude. Ok. Some do. That means some don't. What do those patients that can't get comfortable due to the nudity do? Do they go anyway and try to heal and come back more scarred? Do they just not go? Seems like the shrink is trying to keep her patients needing her services by f'ing with their minds this way. But I thinkk your partner needs to feel what you felt and see what his response is then. If you go to the men's retreat and they are naked, see if your partner explodes, like a hypocrite, or is consistent. Did you ask him what he learned when he returned? Did you ask him if any part of him healed? If I was the shrink, out of respect for my patients, I would just have it clothing required. I know it's not the Earthy thing to do, but tormenting or traumatizing your patients can't be good for their recovery. Personally, what I think about this whole situation is that the shrink has plenty of need for therapy herself and is nutty as a fruitcake. Good luck to you.",SUPPORTS_REACTION,,AIO for being upset that my partner hung out in a hot tub with naked women (including the retreat leader/psychiatrist) at a healing retreat?,passykf
He’s not respecting your wishes and it’s not asking much to just not close a door. It’s expected for a young kid to be immature about it but your ex is more immature than your son. You shouldn’t have to tell him why. He should respect your wishes. I see why he’s ex.,SUPPORTS_REACTION,,AIO for snapping at my ex because he told my son to close the bathroom door on me,patsbv4
"But he didnt ""get it right"", he got it wrong. He needs to acknowledge and accept accountability especially since he knew it was a gamble. To me, this is indicative of a listening problem on his part (worst case scenario, he thinks he knows better than you). Im not saying he is a bad guy but this type of behavior needs to be nipped in the bud before it spirals. Think about it like this: You ask for A, he does B. It wasn't what you asked for but B isnt bad so you let it go. Happens again, ask for A, he does B. B isn't bad so you let it go. Rinse and repeat over and over and over again until after years of him ALWAYS doing B instead of A, you snap. All of sudden youre the bad guy because his feelings are hurt because you've changed the status quo. It is not wise to condition your partner to consider clearly communicated expectations as just suggestions. Once again, not saying he is a bad guy, but I do not like that his gift TO YOU was HIS preference. A gift should ALWAYS be the preference of another person despite how much ""thought"" the giver put into it.",SUPPORTS_REACTION,,AIO for wanting to change the engagement ring my fiancé designed for me because it’s nothing like what I asked for?,patip1l
It sounds like your husband is evolving to separate nudity of the human body from sex.,CRITIQUES_REACTION,,AIO for being upset that my partner hung out in a hot tub with naked women (including the retreat leader/psychiatrist) at a healing retreat?,pas9d8d
and you owe Sarah money back or a discount for not doing the feeding. And you didn’t even tell the other people you were leaving which is rude.,CRITIQUES_REACTION,,AIO for leaving a dog sitting job because her adult son and his family were still home?,par0n0q
but I'm so sorry the big nasty child scared you away for the night...,CRITIQUES_REACTION,,AIO for leaving a dog sitting job because her adult son and his family were still home?,paqize4
"in this case I would leave 10%, maybe 15% One time years ago when my wife / then GF and I went to IHOP and the waitress was TERRIBLE and a little rude and it wasn't even busy. My wife insisted I leave a zero tip, I ended up leaving a dime, my wife asked me why leave that as opposed to leaving nothing. I explained that if I left nothing, the waitress might assume it was accidental, but leaving just a dime she would absolutely know it was deliberate.",SUPPORTS_REACTION,,AIO for thinking the server doesn’t deserve any tip?,pau6rau
"Yeah, This was entirely uncalled for and if you can't deal with a 4 year old kid for a few hours, you've got bigger problems in your life.",CRITIQUES_REACTION,,AIO for leaving a dog sitting job because her adult son and his family were still home?,pas5tdp
"I was in the camp until I got to: “There have also been considerably less intimate situations involving other men where he’s been jealous—like a male ER doctor examining me, or me on a videoconference with a male colleague”. Not wanting to be personal, but it sounds like you’re both massively insecure tbh. I do have a generally higher threshold than others as I feel that often people hold their partners to almost impossibly high standards - particularly in this sort of context. Unless you live in the woods with only each other’s company, situations involving interaction with other adults where there is fun, flirtation, attraction and unfortunately errors of judgement and mistakes happening sometimes, are going to happen. That’s part of life and part of being in a relationship. Playing devil’s advocate somewhat, I would point out to you that he appears to have been completely honest with you. I think most wouldn’t, particularly in a situation where their other half would never have been any the wiser, and/or they feared a judgemental reaction.",CRITIQUES_REACTION,,AIO for being upset that my partner hung out in a hot tub with naked women (including the retreat leader/psychiatrist) at a healing retreat?,pasgcb1
"He said you ""acted like a psycho"" - HIS INTENDED RESULT - ""over something that doesn't matter."" Bullsh!t. He KNOWS it matters - to YOU, that's why he did it, to get that reaction he got out of you. It just DOESN'T MATTER TO HIM. Because he a POS. 💩 You didn't overreact. Your son needs to know his father USED HIM AS A TOOL to get that reaction out of you &amp; that HE KNEW THAT WOULD HAPPEN. Not. At. All. He's a garbage person. 🚮",SUPPORTS_REACTION,,AIO for snapping at my ex because he told my son to close the bathroom door on me,pauyipg
"It’s a sweet sentiment, but this is a great opportunity to make it clear that you communicating what is important to you should be factored into every decision. As a therapist, I actually want you to take stock of your relationship before getting married. Does he listen to your input overall? Or does he often follow his way and you’re left trailing behind? Only you know, but I want you to go into your marriage knowing you have a spouse who hears you and factors you in. Otherwise this isn’t your biggest problem, and that’s worth noting (and giving pause). Counseling might be able to help you understand each other better and see if you meet in the middle. “I’ll be hurt because I designed it” Yes, well “I’m hurt because I told you what I love and you ignored it” Address this before the wedding.",SUPPORTS_REACTION,,AIO for wanting to change the engagement ring my fiancé designed for me because it’s nothing like what I asked for?,patfkr3
"This is why she should of divorced him or had a will with a specific bequeathment to him. Since they were still married, he is entitled to a third.",SUPPORTS_REACTION,,AIO? My dad sued me in high school.,par2z80
Is it possible to get the money from her mom and you tell her you will pay? I’m concerned that she really needs to be seen. It’s beyond becoming frustrated. It’s a matter of permanent disability.,SUPPORTS_REACTION,,AIO for getting frustrated with my wife?,paovl2j
"**** That is really fucking weird! The ONLY male at a ""clothing optional"" (at least in the hot tub? Maybe more places?) Retreat. Where his fucking *psychiatrist* got naked too??? That is, well again fuck that is weird, but pretty (highly?) Unprofessional. How...why... I just... the *only* male? Fuck that. And it gets worse when he tries to make this bullshit situation ok, with his gaslighting shady excuse of ""spiritual retreat"" or what the fuck ever. But your having a male surgeon isnt ok?? Pfffffffft get the fuck out of here with that absolute manipulative hypocrisy!! EVERYTHING about his situation is shady as fuck, and a big fucking NOPE OUTTA HERE. Edit: apologies for the language and rage, i got angry 🤗. IF this is real?? Just... sigh. I hope it js rage bait but... OP. Life is so very brief! Learn to love *you* more, dont settle for an ass like this, and find someone who loves you and treats you, the same way you do for them.",SUPPORTS_REACTION,,AIO for being upset that my partner hung out in a hot tub with naked women (including the retreat leader/psychiatrist) at a healing retreat?,patz2i6
"Parents are required by law to make sure their children are fed, clothed, and sheltered. That's the bare minimum. What makes a good parent is if they supported you emotionally. Did your dad comfort you when you were hurt, sick, or just having a bad day? Did he actively listen to you and interact with you? Did he show an interest in your hobbies or interests? Did he support you in your extracurriculars like showing up to your sports games or band shows(or whatever was applicable to you)? Did he talk to you and make plans to spend time with you? Did you feel like you could rely on him if you were in trouble or tell him anything? Based on your post I'm going to guess that your dad didn't do much in the way of emotionally supporting you. Or, if he did, it was inconsistent, infrequent, and maybe had an ulterior motive. I think it's safe to say he wasn't a good husband to your mother. Bad husbands can still be good fathers, but good fathers don't sue their own minor children who have lost their mother.",SUPPORTS_REACTION,,AIO? My dad sued me in high school.,pastzo5
"For being upset over a uniform policy being enforced? Yeah, I could understand being upset if everyone was wearing blue pants and you were the only one called out on it. But that isn't the case. You knew it was the policy and chose to ignore it. You've had since January to get black pants. You were just lucky that no one enforced the policy sooner.",CRITIQUES_REACTION,,AIO? Was told my pants aren’t the right color and wouldn’t be allowed to work unless they were the right color,okoixzl
Would have been any different if he just told her where you are??? I think a bit.,CRITIQUES_REACTION,,AIO For asking my boyfriend to stop sharing my location with his mother?,paub2ay
"This has nothing to do with a car, but with how you speak to your girlfriend. Do you always respond like a jerk? If I were her, I'd be **strongly** reconsidering my relationship with you. You can't be kind? *""C'mon babe. You know this isn't what you want. You'll have to tell him ""no"" because I'm feeling too crappy to come tell him. I know you feel bad for having him drive out, but you can do it!""* Something like that was too hard for your poor, sickly, self involved ass? Guess so. If I remember correctly (I've been married more than 30 years), boyfriends are supposed to LIKE their girlfriends and be NICE to them. You are clearly not that sort of boyfriend. and YTA.",CRITIQUES_REACTION,,AIO for telling my gf to grow up,p22s378
"I wouldn’t ever think telling someone to “grow up” as nice or respectful communication. So it would make sense she would feel that way. I’d also venture to guess if someone told you to grow up, your response wouldn’t be “thank you for saying that, you’re totally right”. Sure, she knew you weren’t feeling well, but you could still respond in a respectful way “no, I’m sorry I really don’t feel well. I know you can handle it though, you’ve got this!”",CRITIQUES_REACTION,,AIO for telling my gf to grow up,p22wpmb
"Your father doing the absolute bare minimum and then twisting the knife after your mom died is one hundred percent something that is worth being upset over. My father was also a hoarder and didn't leave my dad even though she should have because she was terrified of what he'd do to us. We got out, but if we hadn't we likely would have been in the situation you are in. You have EVERY right to be angry and hurt by how he behaved, especially since you were so young.",SUPPORTS_REACTION,,AIO? My dad sued me in high school.,papjtnr
but you need to figure out why she’s avoiding the dr and see if that’s something yall can address. Whatever they do to her now will be much better than the treatment she’ll need if she waits.,SUPPORTS_REACTION,,AIO for getting frustrated with my wife?,pap9exw
"Tips are supposed to be a reflection of the service. Bad service = bad tip (or no tip). They’re not mandatory, despite many in the industry arguing otherwise. If they were mandatory, it’d automatically be added to the receipt. Having said that, it’s up to your bf as he’s paying. In this instance, if the server apologized for forgetting and turned it around, I’d leave a (likely smaller) tip. But if the server didn’t and continued with bad service, I wouldn’t.",SUPPORTS_REACTION,,AIO for thinking the server doesn’t deserve any tip?,patbt2g
Black pants are a pretty standard uniform item. Just go to goodwill or walmart and spend $15 on a cheap pair of black pants. It is the uniform. Just because you have gotten away with it until now doesnt mean they are wrong for enforcing the rule,CRITIQUES_REACTION,,AIO? Was told my pants aren’t the right color and wouldn’t be allowed to work unless they were the right color,okohm1k
"Fuck an apology, wtf? Your emotions aren't anything to ever be shameful about, are they a threat to whatever authority he thinks he possesses. Pay attention to that *""I was really hoping to not feel like shit today""*. The thing about that sentence is that nobody told him to feel like shit. Nobody told him to throw out your leftovers. Nobody told him to choose anger with you for correcting a lapse in communication. Nobody told him to hold onto that exchange for his entire day, either. You actually told him to *try and have a good day* before he texted that bullshit. Yet, he's placing the responsibility for his emotions on you right now. It's your fault that he's gonna have a poo-poo dookie Saturday bc you twisted your face too hard at his mistake. Does he... expect you to just apologize to him for expressing an emotion before he allows things to get back to normal? Nah. He can apologize. 1) for being so defensive about the leftovers 2) for policing your emotions and facial expressions 3) for going out of his way to try and make you guilty about ""making him"" feel bad. 4) for doing literally anything other than saying ""sorry, love. I don't even eat leftovers I'll just let you handle them from now on"" or ""I'll be sure to check with you next time! Lunch is on me today""",SUPPORTS_REACTION,,AIO? My bf threw out leftovers,pat10de
"Those pants are definitely navy. It may suck, but it’s part of the official dress code for the franchise and not a new thing. You just got lucky that nobody called it till now.",CRITIQUES_REACTION,,AIO? Was told my pants aren’t the right color and wouldn’t be allowed to work unless they were the right color,okunmfo
"it’s time to throw him out. He doesn’t respect you. He also tried (and I’m sure tries) to make you feel bad for his negative actions. If you stay with this person, you will spend the rest of your life trying to right his wrongs, while trying to make yourself feel better. I can tell you’re a positive person. He is not. Don’t waste your time and energy trying to fix broken. It’s him, not you. All the while he will make you feel like it’s you. And he enjoys it.",SUPPORTS_REACTION,,AIO? My bf threw out leftovers,pass7tb
"Most people would care about this if they had your issue. Your ex is trying to gaslight you. You had a response triggered by fear and disrespect, and calling it ""psycho behaviour"" is a power tactic move from his side. Pushing you over the egde and then blaming you is disgusting. I suggest you check out wich personality disorder traits HE has. Glad to hear he's your ex!🫶 Edit: typooos",SUPPORTS_REACTION,,AIO for snapping at my ex because he told my son to close the bathroom door on me,patu5ru
"It seems fair to not want to tip poor service. Your boyfriend doesn't agree maybe because of the social pressure. I would be concerned that he cares more about the opinion of some stranger waiter who was rude to you then you. Various people have different tolerances for conflict though. I wouldn't take it personally but know if you want your partner to stand more by you in awkwardconflicts, it seems like he isn't up to it. Of course this is one small example. I don't think its worth bothering the manager or causing a conflict with the waiter or restaurant but you wouldn't be in the wrong for voicing your experience. You are in the right to give feedback but try to be classy.",SUPPORTS_REACTION,,AIO for thinking the server doesn’t deserve any tip?,pau5wqp
"It sounds like he’s a sore loser and gets way too competitive. If it is just a game (and it is/was) then there is no reason he should be saying that. Also, you told him how it made you feel. Even if he doesn’t understand he could just say he’s sorry or at least try to think about you, and he didn’t. He’s ignoring your feelings and saying he doesn’t care about them.",SUPPORTS_REACTION,,Am I overreacting about how my boyfriend reacted towards me in a game ?,pas4r80
"Well yeah, there's no need to treat her with disrespect because you feel her request is unwarranted. It was definitely thoughtless of her when you're feeling sick, but you should have expressed that to her, not insult her. Also, I think the rest of the comments are being way too harsh on her for asking for help saying no. Doing it while you're sick IS definitely thoughtless and she should've known better than to ask to see a car without really looking into more details. But if you guys already have an established dynamic where you're usually the one who says no for her (which I can assume is the case since she felt comfortable enough to ask you in this situation) then I don't think anyone should be judging her for the idea that she wants help with saying no. You guys on reddit love to talk about how many of you are autistic or neurodivergent in some way, but you tend to forget that other people exist with issues that you don't necessarily have yourself. And sometimes these people have loved ones in their lives who offer to take on the tasks that they find difficult. If you're going to condemn her for anything, let it be the fact that she didn't consider her partner feeling sick or the fact that she seemed to have prioritized her own emotional discomfort over his physical illness (which could still be attributed to just being thoughtless/impulsive in the moment rather than being selfish; not an excuse since either way she is in the wrong for the request).",CRITIQUES_REACTION,,AIO for telling my gf to grow up,p23dbmm
"Mmm I'm gonna go against the grain here... a woman invited a strange man to her home for a transaction. He came expecting a large transaction but instead is only getting $20. Internet strangers are unpredictable and she wants another man present for at a minimum the feeling of safety while turning him down. She should be more frank with you about this and honestly you should want be close by just in case regardless. Same reason women text their location to friends when meeting Tinder dates. So for saying ""grow up"" because you are never too old to be victimized by an internet stranger.",CRITIQUES_REACTION,,AIO for telling my gf to grow up,p22ws49
"Your boss was letting it slide, which isn’t your fault, but blue and black are not the same thing and your store has a dress code.",CRITIQUES_REACTION,,AIO? Was told my pants aren’t the right color and wouldn’t be allowed to work unless they were the right color,okppuk0
"He's lied, tried to cover up his betrayal, and prioritizes his coworker above his own girlfriend. OP, he obviously doesn't respect you anymore or he wouldn't keep trying to sneak around with some other woman. Stop giving him chances. He's just going to learn that he can do what he wants you all have an argument and then you'll forgive him and he'll just get better at hiding it. Cut this man loose.",SUPPORTS_REACTION,,AIO bf texting his female co-worker,paq4554
"I've ruptured an eardrum. It is very painful. But she's an adult. The endless complaining about it without the willingness to do ANYTHING to remedy the situation is incredibly frustrating. Does she realise she may be doing permanent damage by not addressing the issue? Hearing loss, ongoing pain, etc? Tell her unless she wants to talk about what you can do to help her fix the problem then the subject is off the table. No listening to her complain. She can't expect you to listen to her constant complaining for a problem she can try to fix.",SUPPORTS_REACTION,,AIO for getting frustrated with my wife?,papu91s
He was an awful parent if he treated her poorly and then chose to take from you instead of help/ support you.,SUPPORTS_REACTION,,AIO? My dad sued me in high school.,pap9dzs
You don’t think it would have been handled respectfully by jay? What does that even mean? Are you expecting the parents to spank and berate the kid? Whole situation could have been handled by just excusing yourself and reading in your room.,CRITIQUES_REACTION,,AIO for leaving a dog sitting job because her adult son and his family were still home?,pat932j
Your dad sued the estate not you And yea he had every right to do so,CRITIQUES_REACTION,,AIO? My dad sued me in high school.,pap9nzz
"Do not let him gaslight you into feeling embarrassed for snapping. You spent years surviving physical restraint trauma, politely set a boundary with your kid, and your ex immediately weaponized that knowledge to trigger a panic response for his own entertainment. He is teaching your son how to abuse you. Stand your ground you are not the one who needs to chill out. Gemini",SUPPORTS_REACTION,,AIO for snapping at my ex because he told my son to close the bathroom door on me,paud2b9
"Yes Its stupid, but you work somewhere with uniform requirements. Get some black pants",CRITIQUES_REACTION,,AIO? Was told my pants aren’t the right color and wouldn’t be allowed to work unless they were the right color,okp7bji
you could have gone to the room or gone to a bookstore for a few hours. You screwed your friend who was paying you.,CRITIQUES_REACTION,,AIO for leaving a dog sitting job because her adult son and his family were still home?,paro697
"NTA/So your ex knows why you feel panicked in enclosed spaces, knows that you’ve repeatedly told your kid not to do that to you, and then proceeds to tell the kid to do it anyway? Your ex is cruel. It’s time to tell your son why this bothers you, and have an overall discussion about boundaries. And it’s time to stop letting your immature, gaslighting ex in your home EDIT: Word",SUPPORTS_REACTION,,AIO for snapping at my ex because he told my son to close the bathroom door on me,patt4dr
He seems like a mama's boy. Time for them to cut the cord. I would consider leaving over something like this. Its weird af. Why does she need your location? Obviously she isn't just worried for your safety. Shes worried about you cheating on her perfect little boy. Which is why she casually mentioned you staying late at a café. Imagine her as a MIL or grandmother to your children. She would be insufferable. At the very least I'd go LC until they learn boundaries.,SUPPORTS_REACTION,,AIO For asking my boyfriend to stop sharing my location with his mother?,par43tg
"""I was really hoping to not feel like shit today"" is such a childish, passive aggressive comment 😂😂 embarrassingly so. When did the soul of an emo teenager take over your adult bf, jfc Really though it doesn't matter what face you made. He threw out your meal and then didn't apologize. He sounds miserable tbh, that he's blaming his bad mood on you just because you made a face to something thoughtless he did, and in response instead of apologizing, he tries to flip it around to be angry at you.",SUPPORTS_REACTION,,AIO? My bf threw out leftovers,pasz636
"The “grow up” was unnecessary, but it seems to have struck a nerve. At the end of the day though You could have talked about it later or something. I get that you were already frustrated due to being sick, but ya can’t lash out like that over something trivial.",CRITIQUES_REACTION,,AIO for telling my gf to grow up,p23jfi6
"It's an inspection and the franchise rules do exist with or without you. Yes, the issue/dress code/uniform policy should have been brought up when you were hired.... but it's literally the same one Pizza Hut has.",CRITIQUES_REACTION,,AIO? Was told my pants aren’t the right color and wouldn’t be allowed to work unless they were the right color,okohek4
"maybe it was annoying what she asked, but you're definitely being an asshole to her. She's right that she shouldn't tolerate being treated like this, and by what she's saying it isn't the first time you're unkind to her.",CRITIQUES_REACTION,,AIO for telling my gf to grow up,p22qrdh
"I’m sorry bro but yes I’ve worked for Domino’s for a couple of years now and the strict dress code is nothing new. All black pants have been the standard. If you were getting away with it before it’s because someone didn’t care enough to enforce it, but it’s definitely always been the rule across corporate/franchise stores",CRITIQUES_REACTION,,AIO? Was told my pants aren’t the right color and wouldn’t be allowed to work unless they were the right color,okpqf4a
"Honestly you’re coming across as a bit fragile and entitled. I get feeling awkward being in the house with other people but you could have handled that with Sarah from the start and told her you would rather go there early the next morning. But you agreed to it and they were paying you. If you don’t want to interact with the people there, don’t sit in the common area of their house and expect them to tiptoe around you. You could have just hung out in the bedroom but you said the thought of that was “miserable and uncomfortable.” Really? And yeah the kid sounded annoying but that’s what 4 year olds do. You were sitting in the common area of their house and expecting the mom to run around preventing him from annoying you while they prepared for a trip because you felt more comfortable there than in the bedroom for a few hours. Really? And the biggest thing was you didn’t even bother to do the one thing you were there to do: care for the dog!",CRITIQUES_REACTION,,AIO for leaving a dog sitting job because her adult son and his family were still home?,papxqy9
"""Grow up"" is a terribly mean thing to say. It's the sort of thing that probably made her wonder if you actually hate her or question her self worth. Is that how you normally talk to her? For future reference, something like ""I already told you you would have to handle this yourself, I cannot help you with this today, I cannot be the on-call bad guy"", are all firm but are how normal people talk to each other.",CRITIQUES_REACTION,,AIO for telling my gf to grow up,p22pqma
"I would be super uncomfortable with this. I think my husband would know better and would likely not involve himself because he respects our relationship and wouldn’t want to harm it. I personally don’t think your bf is being 100% truthful here. Especially after his reaction. It would be expected in a monogamous relationship that this would be outside the boundaries and the other partner would be upset. His strong reaction to your feelings make me think he was being defensive &amp; that implies he felt he was doing something wrong in terms of your relationship. It doesn’t sound like you completely flipped out? Idk if you left some stuff out about your reaction though. Like if you flipped out on him, I’d understand him saying he shouldn’t share things, but if you just had feelings about it, he’s being a full asshole to you. There are other retreats he could go on. He could’ve said he’s uncomfortable with being around nudity because of your relationship. He knows the boundaries are wayyyyyyyyyy not accepting if this since he had a problem with a DOCTOR examining you. He knows this wasn’t ok, he definitely got a sexual experience out of this as well. He’s just pretending it’s strictly healing because he can. Also, I’m pretty certain nudity at these things are always disclosed beforehand.",SUPPORTS_REACTION,,AIO for being upset that my partner hung out in a hot tub with naked women (including the retreat leader/psychiatrist) at a healing retreat?,par0zvm
"he’s an asshole and got defensive for being called out. Don’t let him invalidate or minimize your feelings. You have to maintain a basic relationship for your son but that’s it. There is a reason you aren’t together, keep it that way and get your ex out of there.",SUPPORTS_REACTION,,AIO for snapping at my ex because he told my son to close the bathroom door on me,pats5gm
"While she's correct that at this point they will most likely want her to be seen in person, she needs to see someone! Untreated infections that close to the brain, including dental ones, along with ear and sinuses, are nothing to ignore! An untreated ear infection or one that didn't respond to initial treatment can eventually lead to hearing loss too. My guess is she is aware she needs to be seen adenied out might be more serious and she is scared of all the things that could stem from actually going in to be seen at this point. She may be worried that not only will it be the visit cost, but she'll need tests, meds, possibly something more extensive that will cost much more time and money than the initial urgent care visit. My suggestion is to go to the local ER over the urgent care. That way they can assess and possibly do some of the testing and usually have charity systems or at the least payment plans for uninsured people. I'm not in the ENT field, but I do work in the medical field and have for almost 3 decades. I also have a frequent flyer card with an ENT. My issues are more sinus related, but lately I've been having ear issues too. I agree with DetectiveOne4230 in that maybe trying the ""I'm just worried that something bad will happen to you and hate that I can't take the pain away for you"" type approach. If all else fails, just take her to the ER and tell her, no matter what they say or the cost, you're important and therefore you feeling better is important. That or look up all get symptoms on Google and let it scare get enough to go🤷‍♀️ if she won't help herself, she really has no place to complain that no one wants to hear her complain.",SUPPORTS_REACTION,,AIO for getting frustrated with my wife?,paooz2u
"He should never talk to anyone like that. He said you didn know anything and then told you to shut up. Of course it was perso all, and it shiws you we'll insult anyone so his team can get a goal. That's how high-level sports can be, unfortunately but that's a big red flag.",SUPPORTS_REACTION,,Am I overreacting about how my boyfriend reacted towards me in a game ?,papjf40
"I had a similar situation once. The bartender was INCREDIBLY rude and dismissive of me, but not my ex. It was so blatant I was convinced he thought I was like a friend’s gf and was cheating or something. It was bizarre. We didn’t tip. Another bartender had to step in bc he was fully ignoring me and we gave her cash and told her specifically it was just for her and not to pool it with him. Also- my ex was a fucking asshole but he still handled this better than your boyfriend. He did NOTHING? You had to walk over to give your own order?? He wanted to tip?? Ew",SUPPORTS_REACTION,,AIO for thinking the server doesn’t deserve any tip?,pauw0lr
"Uh you could go get coffee, go do errands, go read in Leia's room...? How is an adult this socially awkward.",CRITIQUES_REACTION,,AIO for leaving a dog sitting job because her adult son and his family were still home?,parufsw
"I'm state side myself where tipping culture is fucked. And my tip personally would have been nothing or asking to speak to a manager. As well as a scathing/over exaggerated review. If I have to tip, my wait staff has to do their job.",SUPPORTS_REACTION,,AIO for thinking the server doesn’t deserve any tip?,patbzyx
The Waiter was 100% wrong. He doesn't deserve a tip. And I wouldn't be too happy with your boyfriend's response either. Not seeing your point of view is a red flag to me. Not very supportive if you ask me.,SUPPORTS_REACTION,,AIO for thinking the server doesn’t deserve any tip?,pauatkw
"I would def confront him about it. To me, it sounds like she might be a friend that he's becoming too friendly with and he knows it, so he feels guilty and deletes the text so he can avoid running into problems w u. so maybe it's not full blown cheating, but it def feels like slight borderline emotional cheating especially if he's deleting messages (bc why would he feel the need to?) but bc u don't know the full story, I would pressure him to explain so you can hear him out.",SUPPORTS_REACTION,,AIO bf texting his female co-worker,paq58na
"You're under reacting. Telemed cannot look in her ear, she needs to see a doctor or nurse practitioner pronto. Antibiotic may not have worked because telemed didn't do labs, might be a different bacteria needs a different Antibiotic or could be a virus and antibiotics won't work. But you can't make her seek treatment, you can only keep being persistent.",SUPPORTS_REACTION,,AIO for getting frustrated with my wife?,paooq5d
"I don't know who is worse- your father, the lawyer who represented him, or the judge that ruled in his favor",SUPPORTS_REACTION,,AIO? My dad sued me in high school.,pari9ea
It was extremely unprofessional of the server to only take half the party’s order. If it was me in that situation I’d have said in response to the boyfirend “well was it not rude of him to blatantly ignore me?” Sorry but im going to be straight forward here but it sounds like your boyfriend is afraid of confrontation and honestly he should have not tipped as well🤷🏼‍♀️. I wouldnt tell him how to tip but i would definitely question his values right there.,SUPPORTS_REACTION,,AIO for thinking the server doesn’t deserve any tip?,pateoie
"Im not tipping, my wife and I have left our table at a restaurant (before actually being served anything of course we didn't dine and dash) because of poor service. The idea of not even asking everyone seated if they're ordering is wild.",SUPPORTS_REACTION,,AIO for thinking the server doesn’t deserve any tip?,patd6ex
"but even tho its company policy (and therefore discipline is justified), doesn’t mean it’s not a shit policy, so I get the frustration there. In the end, rules are rules, when you signed your hiring paperwork you agreed to follow policy so there’s really nothing to do besides abide it. 🤷‍♀️",CRITIQUES_REACTION,Hard case: commenter agrees the policy is frustrating but ultimately says OP is overreacting because the rule is still the rule.,AIO? Was told my pants aren’t the right color and wouldn’t be allowed to work unless they were the right color,okojmha
"Red flag #1: He wasted a lot of good food, wasting money and resources. Red flag #2: He refuses to eat leftovers like a spoiled child. Red flag #3: When you got upset about his bad behaviour, he tried to it around on you and make you the bad guy when HE was immature and inconsiderate. Red flag #4: He then sent you a text message playing the victim after he did numerous things wrong. Why are you continuing a relationship with someone who thinks it's okay to behave this way?",SUPPORTS_REACTION,,AIO? My bf threw out leftovers,pasz506
"You’re and I can see why you’re upset. Not just with him shouting at you but the betrayal of it all. You were being professional in your dealings, he was not. He made it personal, not professional. Then you were betrayed by the official who should have done the right thing, as you would have done. And finally, people thought it was funny. It wasn’t funny. It was wrong and it was absolve and you should have been protected by the rules in place. I’m not surprised you’re upset. Edited to add - yes you are taking it personal because your boyfriend MADE it personal. If he’d followed the rules of the game you wouldn’t be feeling like this.",SUPPORTS_REACTION,,Am I overreacting about how my boyfriend reacted towards me in a game ?,papxa6m
"Since when is that a ‘normal’ family habit? The only \~ regular time we use it in our family is, when one of us picks someone up at e.g. the train station (weekly thing for work here). Irregular was e.g. one of us had to travel into a country with an natural disaster alarm at the same time. Like… practical situations? I am in my ‘60, offspring has e.g. me as an emergency contact in the phone, in case of an accident caused incapacity, so why should I have to check my adult’s offspring location? I didn’t do it in the past, wont do it now. Everyone knows I’d jump into the car at 2 in the morning to help, adult people are able to use a phone",SUPPORTS_REACTION,,AIO For asking my boyfriend to stop sharing my location with his mother?,pau8784
"and I would frankly ask him why on earth he thought getting it right would ever involve doing the exact opposite of what you said you wanted at every step of the way? and I would ask him to seriously answer because if that’s really his thought process I would tell him that’s extremely concerning for your relationship and potential marriage that he thinks ignoring everything you say is ever going to be “right”. I’ll also point out the obvious if you bought it on vacation, it wasn’t something he agonized over getting right, it was a ring he already had lying around and wouldn’t have to lay out more money getting what you actually wanted.",SUPPORTS_REACTION,,AIO for wanting to change the engagement ring my fiancé designed for me because it’s nothing like what I asked for?,patjlpn
"What a douchebag. And weaponizing your son against you? Bogus. Your reaction was spot on - your son needs to understand that it’s NOT a joke if only one person thinks it’s funny, so he needed that authentic reaction. Your ex absolutely deserves to be verbally eviscerated. Excited for you to be away from him. Keep standing up for yourself. ✊🏽",SUPPORTS_REACTION,,AIO for snapping at my ex because he told my son to close the bathroom door on me,patwhnm
"he sued the estate, he didn't sue you. It's not that uncommon when people try to freeze someone out of inheritance.",CRITIQUES_REACTION,,AIO? My dad sued me in high school.,papacj7
"Standard (albeit annoying) 4yo behavior, on the flip side I would be equally annoyed by having a dogsitter that isn’t comfortable around kids sitting in the common living space (being judgemental) while I’m trying to pack. Yes your friend should have warned you. But, you had complete full reign to spend your time in the bedroom instead and it all would have been a non issue. It would have been beyond reasonable to announce “Hey! Here to handle the dogs tonight, I’m just going to hangout in Leia’s room/stay out of the way, let me know if you need anything!” You didn’t feed the dogs before you left, which was literally what you were there for. I think you could’ve sucked it up for a few hours for the sake of following through on your commitment. You had two days to change those plans in advance.",CRITIQUES_REACTION,,AIO for leaving a dog sitting job because her adult son and his family were still home?,pap3k8a
A four year old wanted to play with. It wasn’t an attempt to get you to babysit. and animals went hungry.,CRITIQUES_REACTION,,AIO for leaving a dog sitting job because her adult son and his family were still home?,paqydvf
"My husband complained for years about a toenail issue that caused severe pain. I'm sure it wasn't the acute type of pain that your wife is suffering. Nevertheless, I eventually told him to go get it looked at or stop griping about it. The doctor fixed the problem in about 20 minutes and he's glad he went. (And also wondered why he waited soooooo long!) A medical issue that you describe is probably much more serious. She or you could maybe call to see about a payment plan before she goes to get medical help. Often, a hospital can arrange for a cash discount or payment plan, especially if your income is low or if you have no insurance. I would definitely push her that direction, regardless of cost. It's not the end of the world to have a bit of medical debt. You and she would look back on this in a few years as a minor financial sacrifice in order to correct or prevent something much worse. Pain meds alone would be worth the cost of being treated. For future consideration: get insurance! Even if you can't afford a medical plan, you could affordably obtain an accident and or a hospital plan that would assist with at least these kinds of situations. Also, if you can't afford insurance, you may qualify for your state's Medicaid program, depending on your income. Ask around to find a trustworthy insurance broker in your town. They have lots of info on all of your options and they can't charge you a consulting fee.",SUPPORTS_REACTION,,AIO for getting frustrated with my wife?,paor650
"You should have fed the dogs, taken them outside, and brought them back in before you left.",CRITIQUES_REACTION,,AIO for leaving a dog sitting job because her adult son and his family were still home?,pap41b1
"“And I was really hoping to have a lunch today.” He’s manipulating you. He knows he fucked up and instead of taking responsibility for it and apologizing, and telling you from now on he’ll check with you before tossing anything that looks like leftovers, he’s trying to turn it around and make you think that *you* are the one in the wrong. Well you’re not in the wrong, and you have nothing to apologize for. Think long and hard about whether you want to continue being in a relationship with him, because if you do, this is what the rest of your life will look like.",SUPPORTS_REACTION,,AIO? My bf threw out leftovers,pastbj2
"Don't let anyone talk to you that way. And why wouldn't you take it personally? He insulted **you** and he told **you** to sit down and shut up. He was mad that your team was winning so he cheated. Then, he degraded and blamed you for his actions.",SUPPORTS_REACTION,,Am I overreacting about how my boyfriend reacted towards me in a game ?,paq4qib
"&gt;it would make him sad because he designed the ring and spent a lot of time trying to “get it right.” He's sad? But he didn't give two hoots what you had TOLD HIM you wanted? Tell him YOU'RE SAD and ask how he's going to fix THAT. Or, take the petty path and accept the ring and toss it in a drawer, never to be seen again. When he realizes you WILL NOT wear it because he completely ignored you, maybe then he'll take a moment to think.",SUPPORTS_REACTION,,AIO for wanting to change the engagement ring my fiancé designed for me because it’s nothing like what I asked for?,pausvqe
"Didn't you post this like a few weeks to a month or so ago? If this is the same poster, you weren't overreacting then and now. Redesigning it is a good compromise. I understand why he would use the sentimental sapphire, but using platinum instead of gold, when you had already discussed it and he knows you prefer gold jewelry, was a weird choice. Personally, I'd keep it with just the sapphire but I'd swap out the band. That way it's still basically the same ring he designed, but it looks closer to how you wanted it. But I also wouldn't die on this hill unless it's a part of a pattern of him being inconsiderate.",SUPPORTS_REACTION,,AIO for wanting to change the engagement ring my fiancé designed for me because it’s nothing like what I asked for?,path5j0
"your ex is not your therapist, but he is on to something that we can progress through our symptoms with exposure but it has to be in a controlled and supportive way. In the way he went about this he is very much not doing you a service and instead could be causing more harm. You need to have a sit down with your son and tell him how you are having a trauma response, and didn’t mean to be mean. he’s old enough and with an ex like that it’ll be important to build his emotional intelligence because your ex sure ain’t going to with how he acts. Please get help and get that ex out of your life.",SUPPORTS_REACTION,,AIO for snapping at my ex because he told my son to close the bathroom door on me,patspzr
"He doesn’t care about your wishes. He’s already trying to change you. Totally disrespectful. The sapphire with sentimental value could have become a stunning anniversary gift IF it were set in gold, but is completely inappropriate for an engagement ring given he had clear direction and chose the literal opposite. The platinum band is just unforgivable. Does he show other indications of wanting to change and control how you present yourself? Redesigning this ring as described is not a solution. How much will you come to resent constantly wearing a giant compromise that you had to pay for yourself as a representation of his “love” for you?",SUPPORTS_REACTION,,AIO for wanting to change the engagement ring my fiancé designed for me because it’s nothing like what I asked for?,patkm1x
"whether she needs to handle this herself or not, you do not need to talk to your partner that way. She wasn't rude about it. Saying ""grow up"" is, in no way, constructive. It's not gonna teach her any life lesson and it doesn't communicate anything. Any person on the receiving end of that would take it as an insult and they would be right. It's an unnecessarily rude and childish way to respond to a very obvious emotional bid from your partner. You don't need to baby her. You don't need to cottle her or hold her hand. But there is absolutely no reason to speak to your partner that way.",CRITIQUES_REACTION,,AIO for telling my gf to grow up,p22wpw4
You’re upset because you’re dating a misogynist that thinks it’s ever appropriate to tell a woman to “shut up and sit down”. No way he would have said that to a male coach. He knows he was out of line because that’s what “you’re taking it to personally” translates to.,SUPPORTS_REACTION,,Am I overreacting about how my boyfriend reacted towards me in a game ?,patvvm9
"Yeah, it sucks, but mandated uniforms in customer-facing jobs is a pretty standard thing. Wear black pants or find another minimum wage job.",CRITIQUES_REACTION,,AIO? Was told my pants aren’t the right color and wouldn’t be allowed to work unless they were the right color,okpb14p
"She needs to reflect on why she's not taking care of herself. A teledoc appointment does not do you any good if the doctor cannot examine the ear and see what's really going on. Is she afraid of doctors or clinics/hospitals? She's going to be in pain for a very long time, maybe even for life if she doesn't nip it in the bud soon.",SUPPORTS_REACTION,,AIO for getting frustrated with my wife?,paonfh4
"Why are you even sharing it with him? Do you live somewhere especially dangerous? I have my children’s locations, but only because they are children. Me and my husband only share if one of us is going to be out somewhere very late at night, or going somewhere that’s potentially a little more dangerous than the norm. I really don’t see the need for couples, especially young ones who don’t even live together, to be able to track where each other is at all times. That screams control and a lack of trust, rather than safety concerns. Sharing your location with his Mom is like the cherry on the top of red flags! She doesn’t need to know your business, and she definitely doesn’t have a right to comment on where you go and what you do. And if he thinks that she does I suspect you have gotten yourself entangled with an enmeshed and controlling Momma’s boy situation, and they rarely end well.",SUPPORTS_REACTION,,AIO For asking my boyfriend to stop sharing my location with his mother?,pas4uw6
"Yeah, I get the frustration but I think you were a bit childish here. Ok, so it's annoying to find out someone you don't care for will be there the first night...but it was one night. It's not like you would have had to share space the whole time. Would hanging out in the bedroom for the evening truly be enough to make you ""miserable and uncomfy""? If so, I think maybe you need to build up some distress tolerance skills. I also can't get behind leaving without informing the others in house it was now their job to feed the dogs for the night. If you didn't want to tell the truth you could have given an excuse or something, but running off wasn't ok. Yes, even if Sarah is a ""quick communicator"". You were hired so after they left they didn't have to worry about their dogs, and the very first night Sarah had to deal with making sure others knew to take care of the animals because you left with little warning.",CRITIQUES_REACTION,,AIO for leaving a dog sitting job because her adult son and his family were still home?,parvc5b
"More fodder for the divorce! Second the lock on the basement door. Parenting app for communication? Assigned time to spend with the kids, preferably out of the house, or at least only in his area. If he doesn't have a kitchen down there, tough shit. He can get a microwave and a mini fridge. It sounds as if you've tried to do this amicably for the sake of the kids, but it would probably help to get some legal oomph behind the agreement.",SUPPORTS_REACTION,,AIO for snapping at my ex because he told my son to close the bathroom door on me,paubsty
why the hell would you insist on occupying THEIR common space during all this packing instead of the bedroom to READ quietly or go out for a bit before coming in to take care of the dog and sleep instead of literally engaging with the mom and kid?! You absolutely dropped the ball and seriously need to grow up and I say this as someone that cannot stand poorly behaved kids and permissive parenting.,CRITIQUES_REACTION,,AIO for leaving a dog sitting job because her adult son and his family were still home?,parsdg7
"Your boyfriend still wanted to tip after he was obviously rude to you? I would have asked to speak to the manager in that particular situation. I worked in the restaurant industry for a long time, and to be truthful, the only time that I saw servers ignore one of the partners at a table, was because they had something going with the other one. You may want to check your boyfriend's phone for grindr, and it's probably under a discreet icon, LMAO.",SUPPORTS_REACTION,,AIO for thinking the server doesn’t deserve any tip?,patklmu
"She needs to be seen in person before there is potentially (preventable) irreversible damage to her middle ear. A doctor needs to look in her ear. **Edited to add: damage to the middle ear means potentially irreversible hearing loss, if that wasn't clear enough for her.",SUPPORTS_REACTION,,AIO for getting frustrated with my wife?,paom4rk
